{
  "generated_at": "2026-05-27T15:46:36.669105+00:00",
  "benchmark_path": "artifacts\\evaluation\\end_to_end_expanded_benchmark.jsonl",
  "benchmark_count": 69,
  "modes": [
    "vector_only",
    "hybrid",
    "graph_augmented"
  ],
  "overall_metrics": {
    "vector_only": {
      "recall_at_5": 0.012077294685990336,
      "recall_at_10": 0.012077294685990336,
      "precision_at_5": 0.026086956521739132,
      "precision_at_10": 0.020289855072463767,
      "mrr": 0.021739130434782608,
      "hit_rate_at_5": 0.028985507246376812,
      "hit_rate_at_10": 0.028985507246376812,
      "required_citation_coverage": 0.012077294685990336,
      "forbidden_citation_violation": 0.0,
      "average_rank_of_first_required_citation": 0.043478260869565216,
      "document_count": 1.8115942028985508,
      "graph_expanded_chunks": 0.0
    },
    "hybrid": {
      "recall_at_5": 0.859903381642512,
      "recall_at_10": 0.9202898550724637,
      "precision_at_5": 0.5710144927536233,
      "precision_at_10": 0.37971014492753624,
      "mrr": 0.8331492983666898,
      "hit_rate_at_5": 0.927536231884058,
      "hit_rate_at_10": 0.9565217391304348,
      "required_citation_coverage": 0.9202898550724637,
      "forbidden_citation_violation": 0.0,
      "average_rank_of_first_required_citation": 1.5072463768115942,
      "document_count": 1.8405797101449275,
      "graph_expanded_chunks": 0.0
    },
    "graph_augmented": {
      "recall_at_5": 0.9613526570048311,
      "recall_at_10": 1.0,
      "precision_at_5": 0.5623188405797102,
      "precision_at_10": 0.35942028985507246,
      "mrr": 0.8724637681159422,
      "hit_rate_at_5": 1.0,
      "hit_rate_at_10": 1.0,
      "required_citation_coverage": 1.0,
      "forbidden_citation_violation": 0.0,
      "average_rank_of_first_required_citation": 1.3623188405797102,
      "document_count": 1.8840579710144927,
      "graph_expanded_chunks": 5.7101449275362315
    }
  },
  "category_metrics": {
    "definition_qa": {
      "vector_only": {
        "recall_at_10": 0.0,
        "precision_at_10": 0.0,
        "mrr": 0.0,
        "required_citation_coverage": 0.0,
        "query_count": 7.0
      },
      "hybrid": {
        "recall_at_10": 1.0,
        "precision_at_10": 0.14285714285714285,
        "mrr": 1.0,
        "required_citation_coverage": 1.0,
        "query_count": 7.0
      },
      "graph_augmented": {
        "recall_at_10": 1.0,
        "precision_at_10": 0.1142857142857143,
        "mrr": 0.7857142857142857,
        "required_citation_coverage": 1.0,
        "query_count": 7.0
      }
    },
    "direct_qa": {
      "vector_only": {
        "recall_at_10": 0.0,
        "precision_at_10": 0.0,
        "mrr": 0.0,
        "required_citation_coverage": 0.0,
        "query_count": 19.0
      },
      "hybrid": {
        "recall_at_10": 1.0,
        "precision_at_10": 0.3421052631578948,
        "mrr": 0.8452380952380952,
        "required_citation_coverage": 1.0,
        "query_count": 19.0
      },
      "graph_augmented": {
        "recall_at_10": 1.0,
        "precision_at_10": 0.2947368421052632,
        "mrr": 0.881578947368421,
        "required_citation_coverage": 1.0,
        "query_count": 19.0
      }
    },
    "comparison_qa": {
      "vector_only": {
        "recall_at_10": 0.0,
        "precision_at_10": 0.0,
        "mrr": 0.0,
        "required_citation_coverage": 0.0,
        "query_count": 4.0
      },
      "hybrid": {
        "recall_at_10": 1.0,
        "precision_at_10": 0.625,
        "mrr": 1.0,
        "required_citation_coverage": 1.0,
        "query_count": 4.0
      },
      "graph_augmented": {
        "recall_at_10": 1.0,
        "precision_at_10": 0.475,
        "mrr": 1.0,
        "required_citation_coverage": 1.0,
        "query_count": 4.0
      }
    },
    "document_guidance_qa": {
      "vector_only": {
        "recall_at_10": 0.0,
        "precision_at_10": 0.0,
        "mrr": 0.0,
        "required_citation_coverage": 0.0,
        "query_count": 10.0
      },
      "hybrid": {
        "recall_at_10": 0.6833333333333333,
        "precision_at_10": 0.4699999999999999,
        "mrr": 0.6533333333333333,
        "required_citation_coverage": 0.6833333333333333,
        "query_count": 10.0
      },
      "graph_augmented": {
        "recall_at_10": 1.0,
        "precision_at_10": 0.49000000000000005,
        "mrr": 0.9333333333333332,
        "required_citation_coverage": 1.0,
        "query_count": 10.0
      }
    },
    "exception_based_qa": {
      "vector_only": {
        "recall_at_10": 0.045454545454545456,
        "precision_at_10": 0.045454545454545456,
        "mrr": 0.09090909090909091,
        "required_citation_coverage": 0.045454545454545456,
        "query_count": 11.0
      },
      "hybrid": {
        "recall_at_10": 0.9545454545454546,
        "precision_at_10": 0.29090909090909095,
        "mrr": 0.8818181818181817,
        "required_citation_coverage": 0.9545454545454546,
        "query_count": 11.0
      },
      "graph_augmented": {
        "recall_at_10": 1.0,
        "precision_at_10": 0.32727272727272727,
        "mrr": 0.8363636363636363,
        "required_citation_coverage": 1.0,
        "query_count": 11.0
      }
    },
    "calculation_or_table_lookup": {
      "vector_only": {
        "recall_at_10": 0.06666666666666667,
        "precision_at_10": 0.18,
        "mrr": 0.1,
        "required_citation_coverage": 0.06666666666666667,
        "query_count": 5.0
      },
      "hybrid": {
        "recall_at_10": 1.0,
        "precision_at_10": 0.48,
        "mrr": 1.0,
        "required_citation_coverage": 1.0,
        "query_count": 5.0
      },
      "graph_augmented": {
        "recall_at_10": 1.0,
        "precision_at_10": 0.5,
        "mrr": 1.0,
        "required_citation_coverage": 1.0,
        "query_count": 5.0
      }
    },
    "procedure_qa": {
      "vector_only": {
        "recall_at_10": 0.0,
        "precision_at_10": 0.0,
        "mrr": 0.0,
        "required_citation_coverage": 0.0,
        "query_count": 7.0
      },
      "hybrid": {
        "recall_at_10": 0.8571428571428571,
        "precision_at_10": 0.3285714285714286,
        "mrr": 0.5277777777777778,
        "required_citation_coverage": 0.8571428571428571,
        "query_count": 7.0
      },
      "graph_augmented": {
        "recall_at_10": 1.0,
        "precision_at_10": 0.3,
        "mrr": 0.7023809523809524,
        "required_citation_coverage": 1.0,
        "query_count": 7.0
      }
    },
    "scenario_based_qa": {
      "vector_only": {
        "recall_at_10": 0.0,
        "precision_at_10": 0.0,
        "mrr": 0.0,
        "required_citation_coverage": 0.0,
        "query_count": 4.0
      },
      "hybrid": {
        "recall_at_10": 1.0,
        "precision_at_10": 0.475,
        "mrr": 1.0,
        "required_citation_coverage": 1.0,
        "query_count": 4.0
      },
      "graph_augmented": {
        "recall_at_10": 1.0,
        "precision_at_10": 0.45,
        "mrr": 0.875,
        "required_citation_coverage": 1.0,
        "query_count": 4.0
      }
    },
    "multi_hop_qa": {
      "vector_only": {
        "recall_at_10": 0.0,
        "precision_at_10": 0.0,
        "mrr": 0.0,
        "required_citation_coverage": 0.0,
        "query_count": 2.0
      },
      "hybrid": {
        "recall_at_10": 0.5833333333333333,
        "precision_at_10": 0.85,
        "mrr": 0.75,
        "required_citation_coverage": 0.5833333333333333,
        "query_count": 2.0
      },
      "graph_augmented": {
        "recall_at_10": 1.0,
        "precision_at_10": 0.8,
        "mrr": 1.0,
        "required_citation_coverage": 1.0,
        "query_count": 2.0
      }
    }
  },
  "graph_diagnostics": {
    "graph_expansion_used_count": 67,
    "average_graph_depth": 2.418781725888325,
    "top_graph_edge_types": [
      [
        "MENTIONS_TOPIC",
        1
      ]
    ],
    "graph_hit_ratio": 0.6314102564102564,
    "direct_vector_hit_ratio": 0.3685897435897436,