{
  "generated_at": "2026-05-27T11:28:09.241395+00:00",
  "benchmark_path": "C:\\Workspace\\vietnamese-labor-law-ai-assistant\\artifacts\\evaluation\\retrieval_modes_benchmark.jsonl",
  "benchmark_count": 15,
  "modes": [
    "vector_only",
    "hybrid",
    "graph_augmented"
  ],
  "overall_metrics": {
    "vector_only": {
      "recall_at_5": 0.6,
      "recall_at_10": 0.6611111111111112,
      "precision_at_5": 0.45333333333333337,
      "precision_at_10": 0.32000000000000006,
      "mrr": 0.8722222222222222,
      "hit_rate_at_5": 1.0,
      "hit_rate_at_10": 1.0,
      "required_citation_coverage": 0.5833333333333334,
      "forbidden_citation_violation": 0.0,
      "average_rank_of_first_required_citation": 1.2666666666666666,
      "document_count": 1.6,
      "graph_expanded_chunks": 0.0
    },
    "hybrid": {
      "recall_at_5": 0.6833333333333333,
      "recall_at_10": 0.75,
      "precision_at_5": 0.56,
      "precision_at_10": 0.38,
      "mrr": 0.8,
      "hit_rate_at_5": 0.9333333333333333,
      "hit_rate_at_10": 0.9333333333333333,
      "required_citation_coverage": 0.75,
      "forbidden_citation_violation": 0.06666666666666667,
      "average_rank_of_first_required_citation": 1.4,
      "document_count": 1.4666666666666666,
      "graph_expanded_chunks": 0.0
    },
    "graph_augmented": {
      "recall_at_5": 0.9,
      "recall_at_10": 1.0,
      "precision_at_5": 0.7466666666666667,
      "precision_at_10": 0.5133333333333333,
      "mrr": 1.0,
      "hit_rate_at_5": 1.0,
      "hit_rate_at_10": 1.0,
      "required_citation_coverage": 1.0,
      "forbidden_citation_violation": 0.0,
      "average_rank_of_first_required_citation": 1.0,
      "document_count": 1.8666666666666667,
      "graph_expanded_chunks": 6.733333333333333
    }
  },
  "category_metrics": {
    "direct_qa": {
      "vector_only": {
        "recall_at_10": 0.5833333333333334,
        "precision_at_10": 0.3333333333333333,
        "mrr": 0.75,
        "required_citation_coverage": 0.4166666666666667,
        "query_count": 3.0
      },
      "hybrid": {
        "recall_at_10": 0.5833333333333334,
        "precision_at_10": 0.3,
        "mrr": 0.6666666666666666,
        "required_citation_coverage": 0.5833333333333334,
        "query_count": 3.0
      },
      "graph_augmented": {
        "recall_at_10": 1.0,
        "precision_at_10": 0.5333333333333333,
        "mrr": 1.0,
        "required_citation_coverage": 1.0,
        "query_count": 3.0
      }
    },
    "procedure_qa": {
      "vector_only": {
        "recall_at_10": 0.5,
        "precision_at_10": 0.25,
        "mrr": 0.75,
        "required_citation_coverage": 0.5,
        "query_count": 2.0
      },
      "hybrid": {
        "recall_at_10": 0.6666666666666666,
        "precision_at_10": 0.35,
        "mrr": 0.3333333333333333,
        "required_citation_coverage": 0.6666666666666666,
        "query_count": 2.0
      },
      "graph_augmented": {
        "recall_at_10": 1.0,
        "precision_at_10": 0.44999999999999996,
        "mrr": 1.0,
        "required_citation_coverage": 1.0,
        "query_count": 2.0
      }
    },
    "scenario_based_qa": {
      "vector_only": {
        "recall_at_10": 0.75,
        "precision_at_10": 0.35,
        "mrr": 1.0,
        "required_citation_coverage": 0.7083333333333333,
        "query_count": 4.0
      },
      "hybrid": {
        "recall_at_10": 0.9166666666666666,
        "precision_at_10": 0.45000000000000007,
        "mrr": 1.0,
        "required_citation_coverage": 0.9166666666666666,
        "query_count": 4.0
      },
      "graph_augmented": {
        "recall_at_10": 1.0,
        "precision_at_10": 0.6,
        "mrr": 1.0,
        "required_citation_coverage": 1.0,
        "query_count": 4.0
      }
    },
    "exception_based_qa": {
      "vector_only": {
        "recall_at_10": 0.75,
        "precision_at_10": 0.15000000000000002,
        "mrr": 1.0,
        "required_citation_coverage": 0.5,
        "query_count": 2.0
      },
      "hybrid": {
        "recall_at_10": 0.75,
        "precision_at_10": 0.35,
        "mrr": 1.0,
        "required_citation_coverage": 0.75,
        "query_count": 2.0
      },
      "graph_augmented": {
        "recall_at_10": 1.0,
        "precision_at_10": 0.4,
        "mrr": 1.0,
        "required_citation_coverage": 1.0,
        "query_count": 2.0
      }
    },
    "comparison_qa": {
      "vector_only": {
        "recall_at_10": 0.8333333333333333,
        "precision_at_10": 0.39999999999999997,
        "mrr": 1.0,
        "required_citation_coverage": 0.8333333333333333,
        "query_count": 2.0
      },
      "hybrid": {
        "recall_at_10": 1.0,
        "precision_at_10": 0.5,
        "mrr": 1.0,
        "required_citation_coverage": 1.0,
        "query_count": 2.0
      },
      "graph_augmented": {
        "recall_at_10": 1.0,
        "precision_at_10": 0.6,
        "mrr": 1.0,
        "required_citation_coverage": 1.0,
        "query_count": 2.0
      }
    },
    "multi_hop_qa": {
      "vector_only": {
        "recall_at_10": 0.5,
        "precision_at_10": 0.4,
        "mrr": 0.6666666666666666,
        "required_citation_coverage": 0.5,
        "query_count": 2.0
      },
      "hybrid": {
        "recall_at_10": 0.5,
        "precision_at_10": 0.3,
        "mrr": 0.6666666666666666,
        "required_citation_coverage": 0.5,
        "query_count": 2.0
      },
      "graph_augmented": {
        "recall_at_10": 1.0,
        "precision_at_10": 0.4,
        "mrr": 1.0,
        "required_citation_coverage": 1.0,
        "query_count": 2.0
      }
    }
  },
  "graph_diagnostics": {
    "graph_expansion_used_count": 15,
    "average_graph_depth": 3.792079207920792,
    "top_graph_edge_types": [
      [
        "SOURCE_OF",
        9
      ],
      [
        "DETAILS",
        9
      ],
      [
        "HAS_SOURCE_CHUNK",
        9
      ]
    ],
    "graph_hit_ratio": 0.8015873015873016,
    "direct_vector_hit_ratio": 0.1984126984126984,
    "number_of_queries_improved_over_vector_only": 12,
    "number_of_queries_worse_than_vector_only": 0,
    "improved_examples": [
      {
        "id": "strict_minor_worker_14",
        "query": "Người 14 tuổi có được làm việc không?",
        "category": "direct_qa",
        "vector_quality_score": 2.5,
        "graph_quality_score": 3.0,
        "delta": 0.5,
        "vector_top3": [
          "Bộ luật Lao động 2019, Điều 143 (Lao động chưa thành niên), khoản 3",
          "Bộ luật Lao động 2019, Điều 143 (Lao động chưa thành niên), khoản 2",
          "Bộ luật Lao động 2019, Điều 145 (Sử dụng người chưa đủ 15 tuổi làm việc), khoản 2"
        ],
        "graph_top3": [
          "Thông tư 09/2020/TT-BLĐTBXH, Điều 3 (Điều kiện sử dụng người chưa đủ 15 tuổi làm việc)",
          "Bộ luật Lao động 2019, Điều 143 (Lao động chưa thành niên), khoản 1",
          "Bộ luật Lao động 2019, Điều 145 (Sử dụng người chưa đủ 15 tuổi làm việc), khoản 1, các điểm a, b, c, d"
        ]
      },
      {
        "id": "strict_minor_worker_under_15_conditions",
        "query": "Người chưa đủ 15 tuổi làm việc cần điều kiện gì?",
        "category": "procedure_qa",
        "vector_quality_score": 1.8333333333333333,
        "graph_quality_score": 3.0,
        "delta": 1.1666666666666667,
        "vector_top3": [
          "Bộ luật Lao động 2019, Điều 143 (Lao động chưa thành niên), khoản 2",
          "Bộ luật Lao động 2019, Điều 145 (Sử dụng người chưa đủ 15 tuổi làm việc), khoản 2",
          "Bộ luật Lao động 2019, Điều 143 (Lao động chưa thành niên), khoản 3"
        ],
        "graph_top3": [
          "Thông tư 09/2020/TT-BLĐTBXH, Điều 3 (Điều kiện sử dụng người chưa đủ 15 tuổi làm việc)",
          "Bộ luật Lao động 2019, Điều 143 (Lao động chưa thành niên), khoản 1",
          "Bộ luật Lao động 2019, Điều 145 (Sử dụng người chưa đủ 15 tuổi làm việc), khoản 1, các điểm a, b, c, d"
        ]
      },
      {
        "id": "strict_retirement_age_2026_woman",